id,user_id,path,created_at,updated_at
1,1,https://drive.google.com/file/d/1xeoMhonatUodDSTA7GA0VhIKOYaFZq2T/view?usp=share_link,4/3/2023,4/4/2023
2,2,https://drive.google.com/file/d/1n9j7TBXu8c7aL8KjGj9wq7J_XVlyX1ZV/view?usp=share_link,4/3/2023,4/4/2023
3,3,https://drive.google.com/file/d/1Lrk6S3nKxJc9x-NR9x0GPvQ9tMvRTkln/view?usp=share_link,4/3/2023,4/4/2023
4,4,https://drive.google.com/file/d/1Wk1wcc9BEHRHX1hGM7BRJ3aqQiCGf9mx/view?usp=share_link,4/3/2023,4/4/2023
5,5,https://drive.google.com/file/d/1OZqAOFW4IDVLJ5C6m8ffzaROJqQSv1de/view?usp=share_link,4/3/2023,4/4/2023
6,6,https://drive.google.com/file/d/1q6ad0grF96WPw-Dr9tA7TyjvNX9_fQ-x/view?usp=share_link,4/3/2023,4/4/2023
7,7,https://drive.google.com/file/d/1Bez69rg0TKe17rYgZ-HxLZgBwNktzq5g/view?usp=share_link,4/3/2023,4/4/2023
8,8,https://drive.google.com/file/d/19R6QJu98Moi-goGbSvR6OY_oxwj2M_mM/view?usp=share_link,4/3/2023,4/4/2023
9,9,https://drive.google.com/file/d/1hYh8HPYcAQ_bVejPnwFYzkimnPl80tXM/view?usp=share_link,4/3/2023,4/4/2023
10,10,https://drive.google.com/file/d/16V7cg0mdfEMXLtDS8uUML3df2LR8ncEW/view?usp=share_link,4/3/2023,4/4/2023
